AP_AP,AP_AP50,AP_AP75,AP_AP_L,AP_AP_M,AP_AP_S,AP_n_results,bits,dAP,dAP50,dAP75,dAP_L,dAP_M,dAP_S,feat_cosine_all,feat_rel_mse_all,feat_rel_mse_stage0,feat_rel_mse_stage1,feat_rel_mse_stage2,feat_rel_mse_stage3,feat_sqnr_db,group,tag
0.4301653819220467,0.6548938792834266,0.4686902103488872,0.594694474403108,0.5008796118470934,0.28559520821527423,15917,32,0.0,0.0,0.0,0.0,0.0,0.0,0.9999999823048711,0.0,0.0,0.0,0.0,0.0,188.64467983697233,FP,FP
0.42610042550683264,0.6499715774529585,0.4570487476690223,0.5855113544325213,0.496482336367867,0.267588461139198,15853,4,0.004064956415214038,0.0049223018304680455,0.011641462679864878,0.009183119970586628,0.004397275479226415,0.018006747076076246,0.9839047584682703,0.032206250907620415,0.03747843766472732,0.033937939124594724,0.015542071837202596,0.0035843707839151584,14.95962641062605,L0B0.fc1,L0B0.fc1__b4
0.4295080237485082,0.6560363176548407,0.46846622518746817,0.5926975467440768,0.49963238395883786,0.2851256315185844,15935,6,0.0006573581735384582,-0.001142438371414145,0.0002239851614190269,0.0019969276590311447,0.001247227888255542,0.00046957669668984403,0.9987171767279506,0.002565602195318206,0.003113199068975738,0.00252049779400233,0.0010036156528794437,0.0002311237176068837,25.944916764472765,L0B0.fc1,L0B0.fc1__b6
0.4300747515239667,0.6564807905182729,0.4665351247441836,0.5934397573151023,0.49999852619422946,0.28415505296642085,16121,4,9.063039807999385e-05,-0.0015869112348463332,0.002155085604703566,0.001254717088005619,0.0008810856528639333,0.0014401552488533809,0.9917966639623046,0.016411380944191478,0.019962524395201388,0.015902789673956794,0.006653302024587417,0.0014705775344685636,17.931313487895288,L0B0.fc2,L0B0.fc2__b4
0.43205084613469646,0.657027977744446,0.4706970214100371,0.594677963685071,0.502495042675265,0.2845649273133882,15971,6,-0.00188546421264979,-0.002134098461019418,-0.0020068110611499157,1.6510718036988337e-05,-0.0016154308281716157,0.0010302809018860049,0.9995790682733059,0.0008417900603490125,0.001019460239466399,0.0008214000910342525,0.000348485989101858,8.316463077421429e-05,30.84788316369987,L0B0.fc2,L0B0.fc2__b6
0.43044881020936554,0.6516248235070652,0.4734707334580934,0.5954764370420591,0.5018992388050006,0.2839840248615294,15928,4,-0.0002834282873188654,0.0032690557763613848,-0.004780523109206181,-0.0007819626389511392,-0.0010196269579072492,0.0016111833537448272,0.9954629121348262,0.009070727588550653,0.011614180879850755,0.007632090643157395,0.003200164880229067,0.0007711140050569354,20.743926716385147,L0B0.proj,L0B0.proj__b4
0.4313041595584874,0.6558996857070434,0.47057161913397183,0.5949169058319038,0.5002089419460413,0.2850156691336388,15922,6,-0.0011387776364407132,-0.0010058064236168063,-0.0018814087850846373,-0.0002224314287958551,0.0006706699010521344,0.0005795390816354384,0.9998320946469903,0.0003358199533067818,0.0004016491971731141,0.0003218045468921458,0.00017296832098441636,4.2902748321634974e-05,34.914336815285814,L0B0.proj,L0B0.proj__b6
0.43104183201195445,0.6529215696818848,0.4705626855890142,0.5954416514847322,0.49916895460305083,0.2815903589742267,15969,4,-0.0008764500899077765,0.0019723096015418218,-0.001872475240127014,-0.0007471770816241952,0.0017106572440425682,0.004004849241047548,0.9953683186322451,0.009260785089281853,0.011765678732976442,0.007994498908116612,0.0033158089530005916,0.00077546558419204,20.573020369375868,L0B0.qkv,L0B0.qkv__b4
0.431034851108829,0.6540873229858666,0.4693921834064823,0.5920056652830765,0.499823701730193,0.2848204820351497,15918,6,-0.0008694691867823234,0.0008065562975599905,-0.0007019730575951177,0.0026888091200314435,0.0010559101169003715,0.0007747261801245298,0.9997401898726821,0.0005195722703774663,0.0006621427470745985,0.00045107502305185226,0.00017204405727256028,4.046501726932811e-05,33.086294958823075,L0B0.qkv,L0B0.qkv__b6
0.43312288381441927,0.6560415024250015,0.4764811392903154,0.5972594055459449,0.5007812765995872,0.29016865352417404,16033,4,-0.0029575018923725938,-0.001147623141574905,-0.007790928941428188,-0.002564931142836957,9.833524750624267e-05,-0.004573445308899804,0.9963979749009013,0.0072033114192890935,0.008225969230774746,0.007966660366224574,0.0034664315293973158,0.0008199808506840147,21.475597589551512,L0B1.fc1,L0B1.fc1__b4
0.43064347607009534,0.6546513098973918,0.46880856671771437,0.5912025357486307,0.5005719504911249,0.28656345863416,15895,6,-0.0004780941480486689,0.00024256938603473,-0.00011835636882717715,0.003491938654477278,0.00030766135596849153,-0.0009682504188857632,0.9998266119509935,0.0003467333951903129,0.0003933218576719226,0.0003884352667539578,0.0001691881039019568,4.045269015288522e-05,34.65537407113744,L0B1.fc1,L0B1.fc1__b6
0.4293155182258847,0.6541692701455598,0.4716579184419307,0.5896640388954612,0.5004873898946698,0.2851543993444351,15820,4,0.0008498636961619677,0.0007246091378667607,-0.0029677080930435307,0.005030435507646813,0.00039222195242361035,0.0004408088708391378,0.9965062942355871,0.006986851076362655,0.008742069123051447,0.006299135981340544,0.002602203915202293,0.0006084013465483309,21.57609342541255,L0B1.fc2,L0B1.fc2__b4
0.4303421595783104,0.6558518140522485,0.4679119256459239,0.5925954687839934,0.5046901289612564,0.28076309867160015,15884,6,-0.00017677765626372688,-0.0009579347688218887,0.0007782847029633166,0.00209900561911458,-0.0038105171141630256,0.004832109543674079,0.999833095818758,0.00033380962395312963,0.0004226391492399037,0.00028951260671301307,0.00012339790289827402,2.936038265144161e-05,34.78469519149972,L0B1.fc2,L0B1.fc2__b6
0.4321740818670444,0.6572756040417876,0.470424643240929,0.5957675376004489,0.5010518307834245,0.2864111576450128,15979,4,-0.0020086999449977494,-0.00238172475836107,-0.0017344328920417817,-0.0010730631973409066,-0.0001722189363311255,-0.0008159494297385605,0.9985068589448929,0.002986170984513592,0.003796297390218744,0.002500718908158007,0.0012038618058800327,0.00028914049905384926,25.340037400682487,L0B1.proj,L0B1.proj__b4
0.43070274756926574,0.6573063490233736,0.4680153625520595,0.5910899261920703,0.5002380835763305,0.2868353566132283,15922,6,-0.000537365647219068,-0.0024124697399470207,0.0006748477968276934,0.003604548211037617,0.0006415282707629144,-0.001240148397954055,0.9999236892908812,0.00015260761028912384,0.00019401004385067965,0.00012618710253005974,6.474596053285556e-05,1.5497066653991287e-05,38.229192186753224,L0B1.proj,L0B1.proj__b6
0.42982708758687277,0.6555372114563862,0.4682267914726713,0.5952710480467918,0.5011034251506942,0.29126759225117294,15898,4,0.0003382943351739054,-0.0006433321729596431,0.00046341887621587086,-0.0005765736436837976,-0.00022381330360077278,-0.005672384035898703,0.9976534955203533,0.004692614962550579,0.005896882263213901,0.004212818268139877,0.0016609743569876074,0.0003950281418000631,23.489647072531742,L0B1.qkv,L0B1.qkv__b4
0.43106322304051153,0.6571444294050806,0.4681678051593174,0.5939928238743266,0.5032825647428291,0.28351352047361933,15912,6,-0.0008978411184648594,-0.0022505501216539825,0.0005224051895698079,0.0007016505287813501,-0.002402952895735666,0.002081687741654903,0.9998663896694779,0.0002672131815870671,0.00033807390810283787,0.00023229700841844605,9.894327835258452e-05,2.3206256952820798e-05,35.90465368846974,L0B1.qkv,L0B1.qkv__b6
0.43107908471270884,0.6573328588413772,0.4682673164699917,0.5939948775190028,0.5001716568388421,0.2856139672656834,15928,6,-0.0009137027906621631,-0.0024389795579505824,0.0004228938788954917,0.000699596884105147,0.0007079550082512709,-1.8759050409156153e-05,0.9999538874253631,9.220548031407816e-05,0.0,0.0003205288660883268,0.00010680274812754033,2.4850458436847963e-05,40.37793597675982,L1B0.qkv,L1B0.qkv__b6
